Bk Sales Account Id Int,Sales Account Group Name,Business Entity Descr,Bk Product Id,Contract Type,Contract Line End Fiscal Quarter,Sntc Sspt Offer Flag,Covered Item Qty,Annualized Extended Contract Line List Usd Amount,ANNUALIZED_CONTRACT_LINE_NET_USD_AMOUNT,Product Unit List Price,Service List Price,CORRECTED_CONTRACT_LINE_NET_USD_AMOUNT
203721067,ARAMCO SERVICES COMPANY,IOT Software,GLC-LH-SMD=,SPC4P,20232,SP Base,1.581200,0.0,2.7248270607359997,91.25105200000002,0.0,0.0
203721067,ARAMCO SERVICES COMPANY,Enterprise Networking,GLC-LH-SMD-RF,SPC4P,20232,SP Base,7.783200,0.0,13.412518327296,5691.698496,0.0,0.0
203721067,ARAMCO SERVICES COMPANY,Other,WS-C3850-48XS-S-WS,SNT,20252,Smartnet Total Care,1.000000,6606.69,1577.0166666666667,26500.0,6606.69,4731.05
203721067,ARAMCO SERVICES COMPANY,SP Routing,GLC-LH-SMD=,SPC4P,20232,SP Base,2.535800,0.0,4.369856097023999,146.34101800000002,0.0,0.0
203721067,ARAMCO SERVICES COMPANY,Enterprise Routing,ISR4331/K9,SPC4P,20232,SP Base,4.000000,3252.0,1838.92,10485.0,3252.0,1838.92
203721067,ARAMCO SERVICES COMPANY,SP Routing,SFP-10G-LR=,SPCS,20232,SP Base,0.470040,0.0,1.9800088298496001,0.0,0.0,0.0
203721067,ARAMCO SERVICES COMPANY,IOT Software,SIE40UK9T-15204EC,SNT,20252,Smartnet Total Care,1.000000,0.0,0.0,0.0,0.0,0.0
203721067,ARAMCO SERVICES COMPANY,Enterprise Networking,C3850-NM-4-1G,SPC4P,20232,SP Base,1.000000,0.0,0.0,0.0,0.0,0.0
203721067,ARAMCO SERVICES COMPANY,Enterprise Routing,ISR-CCP-EXP,SNTP,20224,Smartnet Total Care,1.000000,0.0,0.0,0.0,0.0,0.0
203721067,ARAMCO SERVICES COMPANY,Enterprise Networking,C9300-NW-E-24,SNT,20272,Smartnet Total Care,6.000000,0.0,0.0,0.0,0.0,0.0
203721067,ARAMCO SERVICES COMPANY,Enterprise Networking,WS-C3850-24PW-S,SPC4P,20232,SP Base,9.000000,7488.0,4287.349119999999,63680.0,7488.0,4234.239999999999
203721067,ARAMCO SERVICES COMPANY,IOT Software,IE-4000-4GS8GP4G-E,SPC4P,20232,SP Base,25.000000,28125.0,15903.999999999998,0.0,28125.0,15903.999999999998
203721067,ARAMCO SERVICES COMPANY,Enterprise Routing,PWR-4330-AC,SNTP,20232,Smartnet Total Care,1.000000,0.0,0.0,0.0,0.0,0.0
203721067,ARAMCO SERVICES COMPANY,Enterprise Routing,MEM-2900-512MB-DEF,SPC4P,20232,SP Base,1.000000,0.0,0.0,0.0,0.0,0.0
203721067,ARAMCO SERVICES COMPANY,Security,ASA5500X-SSD120INC,SSSNT,20233,Solution Support,2.000000,0.0,0.0,0.0,0.0,0.0
203721067,ARAMCO SERVICES COMPANY,Enterprise Networking,C9200L-DNA-A-48,SSTC,20242,,8.000000,30265.6,2120.5232175502742,0.0,30265.6,6355.76
203721067,ARAMCO SERVICES COMPANY,Collaboration,CTS-CAM-P60=,ECDN,20224,TELEPRESENCE CUSTOMERS,40.000000,17719.500000000004,13538.241106999998,207202.8,17719.500000000004,13643.899999999998
203721067,ARAMCO SERVICES COMPANY,SP Routing,GLC-GE-100FX=,SPC4P,20232,SP Base,3.169750,0.0,0.0,0.0,0.0,0.0
203721067,ARAMCO SERVICES COMPANY,SP Routing,GLC-FE-100FX,SPC4P,20232,SP Base,8.875300,0.0,0.0,0.0,0.0,0.0
203721067,ARAMCO SERVICES COMPANY,Enterprise Networking,PWR-C3-750WAC-R,SNT,20252,Smartnet Total Care,4.000000,0.0,0.0,0.0,0.0,0.0
203721067,ARAMCO SERVICES COMPANY,Enterprise Networking,GLC-GE-100FX=,SPC4P,20232,SP Base,19.458000,0.0,0.0,0.0,0.0,0.0
203721067,ARAMCO SERVICES COMPANY,Enterprise Networking,GLC-TE,SSSNT,20231,Solution Support,1.556640,0.0,0.0,0.0,0.0,0.0
203721067,ARAMCO SERVICES COMPANY,Enterprise Routing,MEM-FLSH-4G,SNTP,20232,Smartnet Total Care,1.000000,0.0,0.0,0.0,0.0,0.0
203721067,ARAMCO SERVICES COMPANY,Security,FMC-M5-PS-AC-770W,SSSNT,20231,Solution Support,2.000000,0.0,0.0,0.0,0.0,0.0
203721067,ARAMCO SERVICES COMPANY,Data Center Switching,SFP-10G-LR-S,SNT,20242,Smartnet Total Care,12.703040,0.0,0.0,25495.001280000004,0.0,0.0
203721067,ARAMCO SERVICES COMPANY,Security,FPR4K-NM-8X10G,SSSNT,20231,Solution Support,2.000000,8960.0,7557.661488,79990.0,8960.0,7616.0
203721067,ARAMCO SERVICES COMPANY,Wireless,AIR-CAP3702I-A-K9,SPC4P,20232,SP Base,4.000000,240.0,102.61987827317071,0.0,240.0,153.3
203721067,ARAMCO SERVICES COMPANY,Security,FPR4K-FAN,SSSNT,20231,Solution Support,12.000000,0.0,0.0,0.0,0.0,0.0
203721067,ARAMCO SERVICES COMPANY,Security,ASA5525-FPWR-K9,SSSNT,20233,Solution Support,2.000000,2005.6,1544.32,11089.6,2005.6,1544.32
203721067,ARAMCO SERVICES COMPANY,SP Routing,SFP-GE-T,SPC4P,20224,SP Base,0.507160,0.0,0.0,0.0,0.0,0.0
203721067,ARAMCO SERVICES COMPANY,Enterprise Routing,MEM-FLSH-8G,SPC4P,20232,SP Base,1.000000,0.0,0.0,0.0,0.0,0.0
203721067,ARAMCO SERVICES COMPANY,Enterprise Networking,DN2-PCIE-ID10GF,SSSNT,20242,Solution Support,1.000000,0.0,0.0,0.0,0.0,0.0
203721067,ARAMCO SERVICES COMPANY,Enterprise Networking,PWR-C4-950WAC-R,SNT,20242,Smartnet Total Care,2.000000,0.0,0.0,0.0,0.0,0.0
203721067,ARAMCO SERVICES COMPANY,Enterprise Routing,VIC3-4FXS/DID,SNTP,20224,Smartnet Total Care,1.000000,0.0,0.0,880.0,0.0,0.0
203721067,ARAMCO SERVICES COMPANY,Enterprise Networking,C3850-48XS-L-S,SNT,20252,Smartnet Total Care,2.000000,0.0,0.0,0.0,0.0,0.0
203721067,ARAMCO SERVICES COMPANY,IOT Software,GLC-FE-100FX-RGD,SPC4P,20232,SP Base,0.079060,0.0,0.0,0.0,0.0,0.0
203721067,ARAMCO SERVICES COMPANY,Data Center,R2XX-RAID10,SNT,20241,Smartnet Total Care,1.000000,0.0,0.0,0.0,0.0,0.0
203721067,ARAMCO SERVICES COMPANY,Enterprise Routing,ASR1002X-36G-NB,SPC4P,20232,SP Base,2.000000,8448.0,4777.12,133000.0,8448.0,4777.12
203721067,ARAMCO SERVICES COMPANY,Enterprise Networking,C9300-STACK-NONE,SNT,20272,Smartnet Total Care,6.000000,0.0,0.0,0.0,0.0,0.0
203721067,ARAMCO SERVICES COMPANY,Security,SF-ASA-FP6.2.2-K9,SSSNT,20233,Solution Support,2.000000,0.0,0.0,0.0,0.0,0.0
203721067,ARAMCO SERVICES COMPANY,Security,FPR4K-ACC-KIT,SSSNT,20231,Solution Support,2.000000,0.0,0.0,0.0,0.0,0.0
203721067,ARAMCO SERVICES COMPANY,Security,SNS-MR-X16G1RT-H,SNT,20241,Smartnet Total Care,6.000000,0.0,0.0,0.0,0.0,0.0
203721067,ARAMCO SERVICES COMPANY,IOT Software,GLC-TE,SSSNT,20231,Solution Support,0.158120,0.0,0.0,0.0,0.0,0.0
203721067,ARAMCO SERVICES COMPANY,Collaboration,SPARK-BOARD55-K9,ECDN,20224,TELEPRESENCE CUSTOMERS,1.000000,855.36,653.529544,4990.0,855.36,658.63
203721067,ARAMCO SERVICES COMPANY,Wireless,AIR-CPU-E52609D,SPC4P,20232,SP Base,2.000000,0.0,0.0,0.0,0.0,0.0
203721067,ARAMCO SERVICES COMPANY,Enterprise Networking,C3850-12-L-S,SNT,20252,Smartnet Total Care,1.000000,0.0,0.0,0.0,0.0,0.0
203721067,ARAMCO SERVICES COMPANY,Data Center Switching,GLC-TE,SPC4P,20232,SP Base,0.063320,0.0,0.05092134018048,0.0,0.0,0.0
203721067,ARAMCO SERVICES COMPANY,Enterprise Networking,PWR-C1-1100WAC/2,SPC4P,20232,SP Base,1.000000,0.0,0.0,0.0,0.0,0.0
203721067,ARAMCO SERVICES COMPANY,IOT Software,GLC-FE-100FX=,SPC4P,20232,SP Base,4.822660,0.0,0.0,0.0,0.0,0.0
203721067,ARAMCO SERVICES COMPANY,IOT Software,GLC-GE-100FX=,SPC4P,20232,SP Base,1.976500,0.0,0.0,0.0,0.0,0.0
203721067,ARAMCO SERVICES COMPANY,Enterprise Networking,DN2-SD19T61X-EV,SSSNT,20242,Solution Support,8.000000,0.0,0.0,0.0,0.0,0.0
203721067,ARAMCO SERVICES COMPANY,Data Center Switching,GLC-SX-MMD,SPC4P,20232,SP Base,0.094980,0.0,0.07510963205222401,0.0,0.0,0.0
203721067,ARAMCO SERVICES COMPANY,Enterprise Networking,DN2-PCIE-IQ10GF,SSSNT,20242,Solution Support,1.000000,0.0,0.0,0.0,0.0,0.0
203721067,ARAMCO SERVICES COMPANY,Enterprise Routing,M-ASR1002X-16GB,SPC4P,20232,SP Base,2.000000,0.0,0.0,0.0,0.0,0.0
203721067,ARAMCO SERVICES COMPANY,Security,SNS-HD600G10K12N,SNT,20241,Smartnet Total Care,4.000000,0.0,0.0,0.0,0.0,0.0
203721067,ARAMCO SERVICES COMPANY,Enterprise Networking,GLC-SX-MMD,SPC4P,20232,SP Base,4.669920,0.0,3.692945598160896,0.0,0.0,0.0
203721067,ARAMCO SERVICES COMPANY,Enterprise Networking,S9500UK9-1612,SNT,20242,Smartnet Total Care,2.000000,0.0,0.0,0.0,0.0,0.0
203721067,ARAMCO SERVICES COMPANY,Security,SF-ASA-X-9.8.2-K8,SSSNT,20233,Solution Support,2.000000,0.0,0.0,0.0,0.0,0.0
203721067,ARAMCO SERVICES COMPANY,Wireless,AIR-CT5520-K9,SPC4P,20232,SP Base,2.000000,0.0,441.961779595776,40000.0,0.0,0.0
203721067,ARAMCO SERVICES COMPANY,Collaboration,SPARK-BOARD55,ECDN,20224,TELEPRESENCE CUSTOMERS,1.000000,0.0,0.0,0.0,0.0,0.0
203721067,ARAMCO SERVICES COMPANY,IOT Software,NO-IOT-SOLUTION,SPC4P,20232,SP Base,1.000000,0.0,0.0,0.0,0.0,0.0
203721067,ARAMCO SERVICES COMPANY,Security,ASA5500-ENCR-K9,SSSNT,20233,Solution Support,2.000000,0.0,0.0,0.0,0.0,0.0
203721067,ARAMCO SERVICES COMPANY,Security,FPR4K-RACK-MNT,SSSNT,20231,Solution Support,2.000000,0.0,0.0,0.0,0.0,0.0
203721067,ARAMCO SERVICES COMPANY,Enterprise Networking,PWR-C1-BLANK,SNT,20252,Smartnet Total Care,3.000000,0.0,0.0,0.0,0.0,0.0
203721067,ARAMCO SERVICES COMPANY,Security,ASA5525-MB,SSSNT,20233,Solution Support,2.000000,0.0,0.0,0.0,0.0,0.0
203721067,ARAMCO SERVICES COMPANY,Enterprise Routing,NIM-BLANK,SNTP,20232,Smartnet Total Care,2.000000,0.0,0.0,0.0,0.0,0.0
203721067,ARAMCO SERVICES COMPANY,Enterprise Networking,WS-C3750X-24P-S,SPC4P,20232,SP Base,4.000000,5600.0,3166.64,0.0,5600.0,3166.64
203721067,ARAMCO SERVICES COMPANY,SP Routing,SFP-H10GB-CU5M,SPC4P,20232,SP Base,0.235020,0.0,0.054000240814079996,0.0,0.0,0.0
203721067,ARAMCO SERVICES COMPANY,Security,FMC-M5-SD-32G,SSSNT,20231,Solution Support,1.000000,0.0,0.0,0.0,0.0,0.0
203721067,ARAMCO SERVICES COMPANY,Wireless,AIR-SD-32G-S,SPC4P,20232,SP Base,2.000000,0.0,0.0,0.0,0.0,0.0
203721067,ARAMCO SERVICES COMPANY,SP Routing,SFP-10G-LR-S,SNT,20242,Smartnet Total Care,3.760320,0.0,0.0,7546.962239999997,0.0,0.0
203721067,ARAMCO SERVICES COMPANY,Enterprise Networking,C3850-NM-2-10G,SPCS,20232,SP Base,1.000000,0.0,0.0,0.0,0.0,0.0
203721067,ARAMCO SERVICES COMPANY,Security,L-ISE-PLS-LIC=,PLS,20241,,4000.000000,18470.20109689214,7314.295308409506,0.0,13.84,22160.0
203721067,ARAMCO SERVICES COMPANY,Data Center Switching,SFP-10G-SR=,SPCS,20232,SP Base,1.587880,0.0,1.70261060530176,0.0,0.0,0.0
203721067,ARAMCO SERVICES COMPANY,Enterprise Routing,SPA-1X10GE-L-V2,SPC4P,20232,SP Base,4.000000,6400.0,3619.04,0.0,6400.0,3619.04
203721067,ARAMCO SERVICES COMPANY,Security,FMC-M5-CPU-4110,SSSNT,20231,Solution Support,2.000000,0.0,0.0,0.0,0.0,0.0
203721067,ARAMCO SERVICES COMPANY,Enterprise Networking,C9300-NM-8X-RF,SPC4P,20232,SP Base,1.000000,0.0,0.0,2047.14,0.0,0.0
203721067,ARAMCO SERVICES COMPANY,Enterprise Routing,SM-S-BLANK,SNTP,20232,Smartnet Total Care,1.000000,0.0,0.0,0.0,0.0,0.0
203721067,ARAMCO SERVICES COMPANY,Enterprise Networking,SFP-10G-LR,SPC4P,20232,SP Base,4.365000,0.0,29.419584860159993,0.0,0.0,0.0
203721067,ARAMCO SERVICES COMPANY,Data Center Switching,GLC-FE-100FX,SPC4P,20232,SP Base,1.108100,0.0,0.0,0.0,0.0,0.0
203721067,ARAMCO SERVICES COMPANY,Enterprise Networking,S3850UK9-166,SNT,20251,Smartnet Total Care,6.000000,0.0,0.0,0.0,0.0,0.0
203721067,ARAMCO SERVICES COMPANY,Enterprise Networking,SFP-GE-T,SPC4P,20224,SP Base,3.113280,0.0,0.0,0.0,0.0,0.0
203721067,ARAMCO SERVICES COMPANY,SP Routing,GLC-SX-MMD=,SPC4P,20232,SP Base,1.141110,0.0,0.9613683413452799,0.0,0.0,0.0
203721067,ARAMCO SERVICES COMPANY,Enterprise Networking,GLC-LH-SMD=,SNT,20224,Smartnet Total Care,4.669920,0.0,0.0,2695.010832,0.0,0.0
203721067,ARAMCO SERVICES COMPANY,SP Routing,SFP-10G-LR=,SPC4P,20232,SP Base,1.880160,0.0,12.672056511037445,0.0,0.0,0.0
203721067,ARAMCO SERVICES COMPANY,Enterprise Networking,C3850-NM-BLANK,SNT,20252,Smartnet Total Care,2.000000,0.0,0.0,0.0,0.0,0.0
203721067,ARAMCO SERVICES COMPANY,Enterprise Networking,DN2-SD480G6I1X-EV,SSSNT,20242,Solution Support,2.000000,0.0,0.0,0.0,0.0,0.0
203721067,ARAMCO SERVICES COMPANY,Enterprise Networking,CAB-TA-NA,SNT,20252,Smartnet Total Care,4.000000,0.0,0.0,0.0,0.0,0.0
203721067,ARAMCO SERVICES COMPANY,Enterprise Routing,PWR-2921-51-AC,SNTP,20224,Smartnet Total Care,1.000000,0.0,0.0,0.0,0.0,0.0
203721067,ARAMCO SERVICES COMPANY,Enterprise Networking,GLC-TE,SPC4P,20232,SP Base,3.113280,0.0,2.50367008776192,0.0,0.0,0.0
203721067,ARAMCO SERVICES COMPANY,IOT Software,GLC-FE-100FX,SPC4P,20232,SP Base,5.534200,0.0,0.0,0.0,0.0,0.0
203721067,ARAMCO SERVICES COMPANY,Enterprise Networking,PWR-C1-715WAC/2,SPC4P,20232,SP Base,1.000000,0.0,0.0,0.0,0.0,0.0
203721067,ARAMCO SERVICES COMPANY,SP Routing,WS-G5486=,SPCS,20232,SP Base,0.286920,0.0,0.0,0.0,0.0,0.0
203721067,ARAMCO SERVICES COMPANY,Enterprise Routing,EHWIC-1GE-SFP-CU=,SPC4P,20232,SP Base,1.000000,0.0,0.0,0.0,0.0,0.0
203721067,ARAMCO SERVICES COMPANY,Security,R-ISE-VMM-K9=,ECMUS,20241,,2.000000,6053.5283363802555,4222.336014625229,12600.0,9072.0,12655.44
203721067,ARAMCO SERVICES COMPANY,Wireless,C1A1TAIRK9,SPC4P,20232,SP Base,1.000000,0.0,0.0,0.0,0.0,0.0
203721067,ARAMCO SERVICES COMPANY,IOT Software,GLC-T,SPC4P,20224,SP Base,0.237180,0.0,0.0,0.0,0.0,0.0
203721067,ARAMCO SERVICES COMPANY,Enterprise Networking,CAB-TA-NA,SSSNT,20231,Solution Support,4.000000,0.0,0.0,0.0,0.0,0.0
203721067,ARAMCO SERVICES COMPANY,Security,ASA5525-CTRL-LIC,SSSNT,20233,Solution Support,2.000000,0.0,0.0,0.0,0.0,0.0
203721067,ARAMCO SERVICES COMPANY,Security,FMC2600-K9,SSSNT,20231,Solution Support,1.000000,9347.0,7884.091733392608,61495.0,9347.0,7944.95
203721067,ARAMCO SERVICES COMPANY,IOT Software,SIE40UK9T-15206E,SNT,20252,Smartnet Total Care,1.000000,0.0,0.0,0.0,0.0,0.0
203721067,ARAMCO SERVICES COMPANY,IOT Software,PWR-RGD-AC-DC-250,SNT,20252,Smartnet Total Care,1.000000,0.0,0.0,1400.0,0.0,0.0
203721067,ARAMCO SERVICES COMPANY,Enterprise Routing,MEM-43-4G,SPC4P,20232,SP Base,5.000000,0.0,0.0,0.0,0.0,0.0
203721067,ARAMCO SERVICES COMPANY,Security,FPR4K-SSD400,SSSNT,20231,Solution Support,2.000000,0.0,0.0,0.0,0.0,0.0
203721067,ARAMCO SERVICES COMPANY,Enterprise Networking,GLC-FE-100FX-RGD,SPC4P,20232,SP Base,0.778320,0.0,0.0,0.0,0.0,0.0
203721067,ARAMCO SERVICES COMPANY,Data Center Switching,GLC-SX-MMD=,SPC4P,20232,SP Base,0.142470,0.0,0.12002887328256001,0.0,0.0,0.0
203721067,ARAMCO SERVICES COMPANY,IOT Software,RPS-IE5000-COVER,SNT,20252,Smartnet Total Care,1.000000,0.0,0.0,0.0,0.0,0.0
203721067,ARAMCO SERVICES COMPANY,Enterprise Routing,SL-29-IPB-K9,SNTP,20224,Smartnet Total Care,1.000000,0.0,0.0,0.0,0.0,0.0
203721067,ARAMCO SERVICES COMPANY,Data Center Switching,CAB-9K12A-NA,SSSNT,20231,Solution Support,2.000000,0.0,0.0,0.0,0.0,0.0
203721067,ARAMCO SERVICES COMPANY,Enterprise Networking,C9300-DNA-E-24=,SSTC,20273,,4.000000,965.232,444.00800000000004,0.0,1206.54,2220.04
203721067,ARAMCO SERVICES COMPANY,Security,FMC-M5-TPM-2.0,SSSNT,20231,Solution Support,1.000000,0.0,0.0,0.0,0.0,0.0
203721067,ARAMCO SERVICES COMPANY,IOT Software,IE-4010-16S12P,SNT,20252,Smartnet Total Care,2.000000,4282.74,1022.2933333333333,15190.0,4282.74,3066.88
203721067,ARAMCO SERVICES COMPANY,Enterprise Networking,C9300-SPWR-NONE,SNT,20272,Smartnet Total Care,6.000000,0.0,0.0,0.0,0.0,0.0
203721067,ARAMCO SERVICES COMPANY,Enterprise Routing,ISR4451-X/K9,SNTP,20232,Smartnet Total Care,1.000000,4349.55,2957.69,0.0,4349.55,2957.69
203721067,ARAMCO SERVICES COMPANY,Enterprise Networking,WS-C3850-24P-S,SPC4P,20232,SP Base,1.000000,877.0,495.92,0.0,877.0,495.92
203721067,ARAMCO SERVICES COMPANY,Enterprise Networking,PWR-C1-1100WAC,SPCS,20232,SP Base,1.000000,0.0,0.0,0.0,0.0,0.0
203721067,ARAMCO SERVICES COMPANY,IOT Software,GLC-SX-MMD,SPC4P,20232,SP Base,0.474360,0.0,0.37512113139916803,0.0,0.0,0.0
203721067,ARAMCO SERVICES COMPANY,Enterprise Routing,ASR1002-PWR-AC,SPC4P,20232,SP Base,4.000000,0.0,0.0,0.0,0.0,0.0
203721067,ARAMCO SERVICES COMPANY,Enterprise Networking,WS-C3850-48PW-S,SPC4P,20232,SP Base,12.000000,17410.0,10041.94037910735,149120.0,17410.0,9844.9
203721067,ARAMCO SERVICES COMPANY,Security,FPR4K-NM-BLANK,SSSNT,20231,Solution Support,2.000000,0.0,0.0,0.0,0.0,0.0
203721067,ARAMCO SERVICES COMPANY,Data Center Switching,NXK-AF-PI,SNT,20253,Smartnet Total Care,2.000000,0.0,0.0,0.0,0.0,0.0
203721067,ARAMCO SERVICES COMPANY,Data Center Switching,GLC-T,SPC4P,20224,SP Base,0.047490,0.0,0.0,0.0,0.0,0.0
203721067,ARAMCO SERVICES COMPANY,Enterprise Networking,WS-C3850-48P-S,SPC4P,20232,SP Base,1.000000,1560.0,882.14,13260.0,1560.0,882.14
203721067,ARAMCO SERVICES COMPANY,Security,FPR4K-PWR-AC-1100,SSSNT,20231,Solution Support,4.000000,0.0,0.0,0.0,0.0,0.0
203721067,ARAMCO SERVICES COMPANY,Enterprise Routing,MEM-CF-256U1GB,SNTP,20224,Smartnet Total Care,1.000000,0.0,0.0,400.0,0.0,0.0
203721067,ARAMCO SERVICES COMPANY,Enterprise Networking,PWR-C1-350WAC,SNT,20252,Smartnet Total Care,1.000000,0.0,0.0,0.0,0.0,0.0
203721067,ARAMCO SERVICES COMPANY,IOT Software,SFP-10G-LR=,SPCS,20232,SP Base,0.002080,0.0,0.008761846579199999,0.0,0.0,0.0
203721067,ARAMCO SERVICES COMPANY,IOT Software,SFP-10G-SR=,SPCS,20232,SP Base,0.002080,0.0,0.00223028822016,0.0,0.0,0.0
203721067,ARAMCO SERVICES COMPANY,Enterprise Networking,DN2-RAID-M5,SSSNT,20242,Solution Support,1.000000,0.0,0.0,0.0,0.0,0.0
203721067,ARAMCO SERVICES COMPANY,IOT Software,IE-4000-8GT4G-E,SPC4P,20232,SP Base,1.000000,0.0,35.476399573248,5490.0,0.0,0.0
203721067,ARAMCO SERVICES COMPANY,Enterprise Networking,GLC-SX-MMD=,SPC4P,20232,SP Base,7.004880,0.0,5.90150806401024,0.0,0.0,0.0
203721067,ARAMCO SERVICES COMPANY,Security,FMC-M5-MEM-16GB,SSSNT,20231,Solution Support,4.000000,0.0,0.0,0.0,0.0,0.0
203721067,ARAMCO SERVICES COMPANY,IOT Software,GLC-LH-SMD,SPC4P,20232,SP Base,0.158120,0.0,0.2724827060736,0.0,0.0,0.0
203721067,ARAMCO SERVICES COMPANY,Enterprise Routing,PWR-2911-AC,SPC4P,20232,SP Base,1.000000,0.0,0.0,0.0,0.0,0.0
203721067,ARAMCO SERVICES COMPANY,Enterprise Networking,C9300-SSD-NONE,SNT,20272,Smartnet Total Care,6.000000,0.0,0.0,0.0,0.0,0.0
203721067,ARAMCO SERVICES COMPANY,Data Center Switching,SFP-10G-LR=,SPCS,20232,SP Base,1.587880,0.0,6.6888273779712,0.0,0.0,0.0
203721067,ARAMCO SERVICES COMPANY,IOT Software,GLC-SX-MMD=,SPC4P,20232,SP Base,0.711540,0.0,0.5994619533619201,0.0,0.0,0.0
203721067,ARAMCO SERVICES COMPANY,Security,SF-F4KFXOS2.4.1-K9,SSSNT,20231,Solution Support,2.000000,0.0,0.0,0.0,0.0,0.0
203721067,ARAMCO SERVICES COMPANY,Data Center Switching,NXA-PAC-650W-PI,SNT,20253,Smartnet Total Care,4.000000,0.0,0.0,0.0,0.0,0.0
203721067,ARAMCO SERVICES COMPANY,Wireless,AIR-SD240GBKS4-EV,SPC4P,20232,SP Base,2.000000,0.0,0.0,0.0,0.0,0.0
203721067,ARAMCO SERVICES COMPANY,Enterprise Routing,ISR4351/K9-RF,SPC4P,20232,SP Base,1.000000,0.0,114.56382465792,0.0,0.0,0.0
203721067,ARAMCO SERVICES COMPANY,Security,SNS-CPU-4116,SNT,20241,Smartnet Total Care,1.000000,0.0,0.0,0.0,0.0,0.0
203721067,ARAMCO SERVICES COMPANY,Enterprise Routing,PWR-4330-AC,SPC4P,20232,SP Base,4.000000,0.0,0.0,0.0,0.0,0.0
203721067,ARAMCO SERVICES COMPANY,Wireless,LIC-CT5520-DTLS-K9,SPC4P,20232,SP Base,2.000000,0.0,0.0,0.0,0.0,0.0
203721067,ARAMCO SERVICES COMPANY,Wireless,AIR-AP-BRACKET-1,SPC4P,20232,SP Base,4.000000,0.0,0.0,0.0,0.0,0.0
203721067,ARAMCO SERVICES COMPANY,IOT Software,SFP-10G-LR=,SPC4P,20232,SP Base,0.008320,0.0,0.05607581810688,0.0,0.0,0.0
203721067,ARAMCO SERVICES COMPANY,Enterprise Networking,WS-G5486=,SPCS,20232,SP Base,5.603340,0.0,0.0,0.0,0.0,0.0
203721067,ARAMCO SERVICES COMPANY,Data Center Switching,SFP-H10GB-CU5M,SPC4P,20232,SP Base,0.793940,0.0,0.18242256485376,0.0,0.0,0.0
203721067,ARAMCO SERVICES COMPANY,Enterprise Networking,WS-C3750X-48PF-S,SPC4P,20232,SP Base,4.000000,5600.0,3166.64,0.0,5600.0,3166.64
203721067,ARAMCO SERVICES COMPANY,Enterprise Networking,PWR-C1-1100WAC,SPC4P,20232,SP Base,10.000000,0.0,0.0,0.0,0.0,0.0
203721067,ARAMCO SERVICES COMPANY,Wireless,AIR-CAP3702IBK9-RF,SPCS,20232,SP Base,1.000000,75.0,42.41,897.0,75.0,42.41
203721067,ARAMCO SERVICES COMPANY,Enterprise Routing,PWR-4450-AC,SPC4P,20232,SP Base,2.000000,0.0,0.0,0.0,0.0,0.0
203721067,ARAMCO SERVICES COMPANY,IOT Software,IE-4000-4GS8GP4G-E,SNT,20224,Smartnet Total Care,1.000000,764.2939560439561,582.35,8131.57,762.2,586.89
203721067,ARAMCO SERVICES COMPANY,Enterprise Networking,PWR-C1-350WAC-P/2,SNT,20272,Smartnet Total Care,6.000000,0.0,0.0,3919.5,0.0,0.0
203721067,ARAMCO SERVICES COMPANY,Enterprise Networking,CAB-TA-NA,SNT,20272,Smartnet Total Care,12.000000,0.0,0.0,0.0,0.0,0.0
203721067,ARAMCO SERVICES COMPANY,IOT Software,GLC-TE,SPC4P,20232,SP Base,0.316240,0.0,0.25431719233536004,0.0,0.0,0.0
203721067,ARAMCO SERVICES COMPANY,Security,SNS-3655-K9,SNT,20241,Smartnet Total Care,1.000000,4775.270978062157,3295.1058957952464,38918.97,14312.73,9983.13
203721067,ARAMCO SERVICES COMPANY,IOT Software,GLC-LH-SMD-RF,SPC4P,20232,SP Base,0.790600,0.0,1.362413530368,578.1499680000002,0.0,0.0
203721067,ARAMCO SERVICES COMPANY,Enterprise Networking,SFP-10G-LR=,SPC4P,20232,SP Base,7.760000,0.0,52.30148419583999,0.0,0.0,0.0
203721067,ARAMCO SERVICES COMPANY,Data Center Switching,GLC-LH-SMD=,SPC4P,20232,SP Base,0.316600,0.0,0.5455857876479998,18.270986,0.0,0.0
203721067,ARAMCO SERVICES COMPANY,Data Center Switching,GLC-LH-SMD=,SNT,20224,Smartnet Total Care,0.094980,0.0,0.0,54.812957999999995,0.0,0.0
203721067,ARAMCO SERVICES COMPANY,Enterprise Routing,MEM-FLSH-4G,SPC4P,20232,SP Base,5.000000,0.0,0.0,0.0,0.0,0.0
203721067,ARAMCO SERVICES COMPANY,Wireless,AIR-CT5520-SW-8.2,SPC4P,20232,SP Base,2.000000,0.0,0.0,0.0,0.0,0.0
203721067,ARAMCO SERVICES COMPANY,Wireless,PI-LFAS-T,SSTC,20243,,7.000000,0.0,0.0,0.0,0.0,0.0
203721067,ARAMCO SERVICES COMPANY,IOT Software,SFP-GE-T,SPC4P,20224,SP Base,0.316240,0.0,0.0,0.0,0.0,0.0
203721067,ARAMCO SERVICES COMPANY,Wireless,AIR-CAP3702I-B-K9,SPC4P,20232,SP Base,18.000000,2040.0,1159.93863936,19318.9,2040.0,1153.6200000000001
203721067,ARAMCO SERVICES COMPANY,Enterprise Networking,C9300-NM-4G,SNT,20272,Smartnet Total Care,6.000000,0.0,0.0,3256.2000000000003,0.0,0.0
203721067,ARAMCO SERVICES COMPANY,Enterprise Routing,C1-CISCO4331/K9,SPC4P,20232,SP Base,1.000000,813.0,459.73,0.0,813.0,459.73
203721067,ARAMCO SERVICES COMPANY,Enterprise Routing,CAB-C13-C14-2M,SPC4P,20232,SP Base,4.000000,0.0,0.0,0.0,0.0,0.0
203721067,ARAMCO SERVICES COMPANY,Security,FPR4140-NGIPS-K9,SSSNT,20231,Solution Support,2.000000,47040.0,39677.72281360739,419990.0,47040.0,39984.0
203721067,ARAMCO SERVICES COMPANY,Enterprise Routing,SISR4300UK9-166,SNTP,20232,Smartnet Total Care,1.000000,0.0,0.0,0.0,0.0,0.0
203721067,ARAMCO SERVICES COMPANY,Enterprise Routing,VIC2-4FXO,SNTP,20224,Smartnet Total Care,1.000000,0.0,0.0,880.0,0.0,0.0
203721067,ARAMCO SERVICES COMPANY,Data Center Switching,MODE-NXOS,SNT,20253,Smartnet Total Care,2.000000,0.0,0.0,0.0,0.0,0.0
203721067,ARAMCO SERVICES COMPANY,Collaboration,PWR-CORD-USA-F,ECDN,20224,TELEPRESENCE CUSTOMERS,1.000000,0.0,0.0,0.0,0.0,0.0
203721067,ARAMCO SERVICES COMPANY,Enterprise Networking,C9200L-NW-A-48,SNT,20242,Smartnet Total Care,8.000000,0.0,0.0,0.0,0.0,0.0
203721067,ARAMCO SERVICES COMPANY,Enterprise Networking,GLC-FE-100FX,SPC4P,20232,SP Base,54.482400,0.0,0.0,0.0,0.0,0.0
203721067,ARAMCO SERVICES COMPANY,Enterprise Networking,WS-C3850-12XS-S,SNT,20252,Smartnet Total Care,1.000000,3811.05,909.6966666666667,11340.09,3811.05,2729.09
203721067,ARAMCO SERVICES COMPANY,Enterprise Networking,C9300-48P-A-RF,SPC4P,20232,SP Base,1.000000,1443.73,816.39,7618.57,1443.73,816.39
203721067,ARAMCO SERVICES COMPANY,Data Center Switching,WS-G5486=,SPCS,20232,SP Base,0.109740,0.0,0.0,0.0,0.0,0.0
203721067,ARAMCO SERVICES COMPANY,Enterprise Networking,C9300-DNA-A-48,SSTC,20264,,1.000000,6301.98,731.0300000000001,0.0,6301.98,3655.15
203721067,ARAMCO SERVICES COMPANY,Data Center Switching,NXK-MEM-16GB,SNT,20253,Smartnet Total Care,2.000000,0.0,0.0,2028.1,0.0,0.0
203721067,ARAMCO SERVICES COMPANY,Security,SNS-PCIE-IRJ45,SNT,20241,Smartnet Total Care,1.000000,0.0,0.0,0.0,0.0,0.0
203721067,ARAMCO SERVICES COMPANY,Data Center Switching,GLC-FE-100FX=,SPC4P,20232,SP Base,0.965630,0.0,0.0,0.0,0.0,0.0
203721067,ARAMCO SERVICES COMPANY,Enterprise Networking,DN2-MSTOR-SD,SSSNT,20242,Solution Support,1.000000,0.0,0.0,0.0,0.0,0.0
203721067,ARAMCO SERVICES COMPANY,Enterprise Networking,SFP-10G-SR=,SPCS,20232,SP Base,1.940000,0.0,2.0801726668800002,0.0,0.0,0.0
203721067,ARAMCO SERVICES COMPANY,SP Routing,GLC-FE-100FX=,SPC4P,20232,SP Base,7.734190,0.0,0.0,0.0,0.0,0.0
203721067,ARAMCO SERVICES COMPANY,Enterprise Networking,DN2-HW-APL,SSSNT,20242,Solution Support,1.000000,5389.131581352834,3829.2703839122482,91756.4,16152.63,11566.89
203721067,ARAMCO SERVICES COMPANY,Enterprise Networking,CF-ADAPTER-SP,SPCS,20232,SP Base,6.000000,0.0,0.0,0.0,0.0,0.0
203721067,ARAMCO SERVICES COMPANY,IOT Software,SFP-10G-LR-S,SNT,20242,Smartnet Total Care,0.016640,0.0,0.0,33.39648,0.0,0.0
203721067,ARAMCO SERVICES COMPANY,Data Center Switching,X2-10GB-LR,SPC4P,20232,SP Base,0.252800,0.0,0.0,0.0,0.0,0.0
203721067,ARAMCO SERVICES COMPANY,Enterprise Routing,MEM-CF-256MB,SPC4P,20232,SP Base,1.000000,0.0,0.0,0.0,0.0,0.0
203721067,ARAMCO SERVICES COMPANY,Enterprise Networking,C9300-24T-E,SNT,20272,Smartnet Total Care,6.000000,2168.52,1540.8466293999998,30552.96,10842.6,7764.359999999999
203721067,ARAMCO SERVICES COMPANY,Enterprise Networking,C9500-16X-A,SNT,20242,Smartnet Total Care,2.000000,2382.816087751371,1693.1241854661791,33182.72,7141.92,5114.34
203721067,ARAMCO SERVICES COMPANY,Enterprise Routing,SL-4330-IPB-K9,SNTP,20232,Smartnet Total Care,1.000000,0.0,0.0,0.0,0.0,0.0
203721067,ARAMCO SERVICES COMPANY,IOT Software,NO-IOT-SOLUTION,SNT,20224,Smartnet Total Care,1.000000,0.0,0.0,0.0,0.0,0.0
203721067,ARAMCO SERVICES COMPANY,Enterprise Routing,SL-29-UC-K9,SNTP,20224,Smartnet Total Care,1.000000,0.0,0.0,0.0,0.0,0.0
203721067,ARAMCO SERVICES COMPANY,Collaboration,SPARK-BOARD55-FSK,ECDN,20224,TELEPRESENCE CUSTOMERS,1.000000,0.0,0.0,1490.0,0.0,0.0
203721067,ARAMCO SERVICES COMPANY,Security,SF-F4K-TD6.3-K9,SSSNT,20231,Solution Support,2.000000,0.0,0.0,0.0,0.0,0.0
203721067,ARAMCO SERVICES COMPANY,IOT Software,IOT-OIL-GAS,SNT,20252,Smartnet Total Care,2.000000,0.0,0.0,0.0,0.0,0.0
203721067,ARAMCO SERVICES COMPANY,Data Center Switching,GLC-FE-100FX-RGD,SPC4P,20232,SP Base,0.015830,0.0,0.0,0.0,0.0,0.0
203721067,ARAMCO SERVICES COMPANY,Security,FMC-M5-NIC-SFP,SSSNT,20231,Solution Support,1.000000,0.0,0.0,0.0,0.0,0.0
203721067,ARAMCO SERVICES COMPANY,Network Services,TE-EMBEDDED-T,SSTC,20264,,1.000000,0.0,0.0,0.0,0.0,0.0
203721067,ARAMCO SERVICES COMPANY,Enterprise Networking,NETWORK-PNP-LIC,SNT,20272,Smartnet Total Care,6.000000,0.0,0.0,0.0,0.0,0.0
203721067,ARAMCO SERVICES COMPANY,IOT Software,IOT-OTHER,SNT,20224,Smartnet Total Care,1.000000,0.0,0.0,0.0,0.0,0.0
203721067,ARAMCO SERVICES COMPANY,Wireless,PI-LFAS-T,SSTC,20242,,8.000000,0.0,0.0,0.0,0.0,0.0
203721067,ARAMCO SERVICES COMPANY,SP Routing,GLC-LH-SMD=,SNT,20224,Smartnet Total Care,0.760740,0.0,0.0,439.0230540000001,0.0,0.0
203721067,ARAMCO SERVICES COMPANY,Wireless,AIR-MR-1X081RV-A,SPC4P,20232,SP Base,8.000000,0.0,0.0,0.0,0.0,0.0
203721067,ARAMCO SERVICES COMPANY,Wireless,AIR-PSU1-770W,SPC4P,20232,SP Base,4.000000,0.0,0.0,1398.0,0.0,0.0
203721067,ARAMCO SERVICES COMPANY,Enterprise Networking,C3KX-NM-1G=,SPC4P,20232,SP Base,1.000000,0.0,0.0,0.0,0.0,0.0
203721067,ARAMCO SERVICES COMPANY,IOT Software,IOT-PROCESS-PLANT,SNT,20252,Smartnet Total Care,1.000000,0.0,0.0,0.0,0.0,0.0
203721067,ARAMCO SERVICES COMPANY,Wireless,AIR-CT6870-NIC-K9,SPC4P,20232,SP Base,2.000000,0.0,0.0,0.0,0.0,0.0
203721067,ARAMCO SERVICES COMPANY,IOT Software,IE-4000-4GS8GP4G-E,SNT,20252,Smartnet Total Care,1.000000,2286.6,545.81,8107.0,2286.6,1637.43
203721067,ARAMCO SERVICES COMPANY,Enterprise Networking,GLC-LH-SMD,SPC4P,20232,SP Base,1.556640,0.0,2.6825036654592,0.0,0.0,0.0
203721067,ARAMCO SERVICES COMPANY,Enterprise Networking,DN2-TPM2-002,SSSNT,20242,Solution Support,1.000000,0.0,0.0,0.0,0.0,0.0
203721067,ARAMCO SERVICES COMPANY,Enterprise Routing,VWIC3-2MFT-T1/E1,SNTP,20224,Smartnet Total Care,1.000000,0.0,0.0,2200.0,0.0,0.0
203721067,ARAMCO SERVICES COMPANY,Enterprise Networking,DNA-SW-1.3,SSSNT,20242,Solution Support,1.000000,0.0,0.0,0.0,0.0,0.0
203721067,ARAMCO SERVICES COMPANY,Enterprise Networking,GLC-FE-100FX=,SPC4P,20232,SP Base,47.477520,0.0,0.0,0.0,0.0,0.0
203721067,ARAMCO SERVICES COMPANY,Enterprise Routing,ASR1001-PWR-AC,SPCS,20232,SP Base,4.000000,0.0,0.0,0.0,0.0,0.0
203721067,ARAMCO SERVICES COMPANY,Security,SF-FMC-6.3-K9,SSSNT,20231,Solution Support,1.000000,0.0,0.0,0.0,0.0,0.0
203721067,ARAMCO SERVICES COMPANY,Enterprise Routing,CAB-C13-C14-2M,SNT,20253,Smartnet Total Care,4.000000,0.0,0.0,0.0,0.0,0.0
203721067,ARAMCO SERVICES COMPANY,Enterprise Routing,PVDM3-32U64,SNTP,20224,Smartnet Total Care,1.000000,0.0,0.0,1500.0,0.0,0.0
203721067,ARAMCO SERVICES COMPANY,Enterprise Networking,C9300-DNA-A-24,SSTC,20243,,1.000000,672.9612431444241,336.48062157221204,0.0,2017.04,1008.52
203721067,ARAMCO SERVICES COMPANY,Enterprise Routing,S29UK9-15503M,SNTP,20224,Smartnet Total Care,1.000000,0.0,0.0,0.0,0.0,0.0
203721067,ARAMCO SERVICES COMPANY,Enterprise Networking,C9300-DNA-E-24,SSTC,20253,,6.000000,3678.2999999999997,538.62,0.0,3678.2999999999997,1615.8600000000001
203721067,ARAMCO SERVICES COMPANY,Enterprise Routing,CISCO2921-V/K9,SNTP,20224,Smartnet Total Care,1.000000,1568.0,1199.2176815023472,5150.0,1568.0,1207.36
203721067,ARAMCO SERVICES COMPANY,Data Center Switching,SFP-10G-LR,SPC4P,20232,SP Base,3.572730,0.0,24.079778560696322,0.0,0.0,0.0
203721067,ARAMCO SERVICES COMPANY,Data Center Switching,NXK-ACC-KIT-1RU,SNT,20253,Smartnet Total Care,2.000000,0.0,0.0,0.0,0.0,0.0
203721067,ARAMCO SERVICES COMPANY,Data Center Switching,SFP-10G-LR=,SPC4P,20232,SP Base,6.351520,0.0,42.80849521901568,0.0,0.0,0.0
203721067,ARAMCO SERVICES COMPANY,Data Center,DISTI-STOCKING,SNT,20252,Smartnet Total Care,3.000000,0.0,0.0,0.0,0.0,0.0
203721067,ARAMCO SERVICES COMPANY,IOT Software,PWR-IE170W-PC-AC,SNT,20224,Smartnet Total Care,1.000000,0.0,0.0,1655.78,0.0,0.0
203721067,ARAMCO SERVICES COMPANY,Enterprise Networking,WS-C3850-48T-S-RF,SNT,20252,Smartnet Total Care,2.000000,6292.02,1501.9066666666668,19298.78,6292.02,4505.72
203721067,ARAMCO SERVICES COMPANY,Enterprise Networking,PWR-C1-715WAC-P/2,SPC4P,20232,SP Base,1.000000,0.0,0.0,0.0,0.0,0.0
203721067,ARAMCO SERVICES COMPANY,Security,FMC-M5-HDD-600G,SSSNT,20231,Solution Support,4.000000,0.0,0.0,0.0,0.0,0.0
203721067,ARAMCO SERVICES COMPANY,Enterprise Networking,PWR-C1-715WAC-P,SPC4P,20232,SP Base,1.000000,0.0,0.0,0.0,0.0,0.0
203721067,ARAMCO SERVICES COMPANY,Enterprise Networking,C9200L-48T-4X-A,SNT,20242,Smartnet Total Care,8.000000,2738.500914076783,1945.8839179387573,38173.12,8208.0,5877.84
203721067,ARAMCO SERVICES COMPANY,Enterprise Routing,ISR4331/K9,SNTP,20232,Smartnet Total Care,1.000000,822.05,558.99,3495.0,822.05,558.99
203721067,ARAMCO SERVICES COMPANY,Collaboration,CAB-ETH-5M-GR+,ECDN,20224,TELEPRESENCE CUSTOMERS,1.000000,0.0,0.0,0.0,0.0,0.0
203721067,ARAMCO SERVICES COMPANY,IOT Software,PWR-RGD-AC-DC-H,SNT,20252,Smartnet Total Care,1.000000,0.0,0.0,700.0,0.0,0.0
203721067,ARAMCO SERVICES COMPANY,Enterprise Routing,SM-S-BLANK,SNTP,20224,Smartnet Total Care,1.000000,0.0,0.0,0.0,0.0,0.0
203721067,ARAMCO SERVICES COMPANY,Enterprise Networking,C9500-NM-BLANK,SNT,20242,Smartnet Total Care,2.000000,0.0,0.0,0.0,0.0,0.0
203721067,ARAMCO SERVICES COMPANY,Wireless,AIR-TPM2-001,SPC4P,20232,SP Base,2.000000,0.0,0.0,0.0,0.0,0.0
203721067,ARAMCO SERVICES COMPANY,Security,SNS-RAID-M5,SNT,20241,Smartnet Total Care,1.000000,0.0,0.0,0.0,0.0,0.0
203721067,ARAMCO SERVICES COMPANY,Enterprise Networking,PWR-C1-715WAC,SPC4P,20232,SP Base,13.000000,0.0,0.0,0.0,0.0,0.0
203721067,ARAMCO SERVICES COMPANY,Enterprise Networking,SFP-10G-LR=,SPCS,20232,SP Base,1.940000,0.0,8.1721069056,0.0,0.0,0.0
203721067,ARAMCO SERVICES COMPANY,SP Routing,SFP-10G-SR=,SPCS,20232,SP Base,0.470040,0.0,0.5040022475980801,0.0,0.0,0.0
203721067,ARAMCO SERVICES COMPANY,Enterprise Routing,ISR4451-X/K9,SPC4P,20232,SP Base,1.000000,0.0,260.62319441664,0.0,0.0,0.0
203721067,ARAMCO SERVICES COMPANY,SP Routing,GLC-TE,SPC4P,20232,SP Base,0.507160,0.0,0.4078532357222401,0.0,0.0,0.0
203721067,ARAMCO SERVICES COMPANY,Enterprise Networking,CAB-TA-NA,SNT,20242,Smartnet Total Care,12.000000,0.0,0.0,0.0,0.0,0.0
203721067,ARAMCO SERVICES COMPANY,SP Routing,GLC-LH-SMD,SPC4P,20232,SP Base,0.253580,0.0,0.4369856097024,0.0,0.0,0.0
203721067,ARAMCO SERVICES COMPANY,Enterprise Networking,WS-C3560CX-8PC-S,SPC4P,20232,SP Base,2.000000,428.0,242.02,0.0,428.0,242.02
203721067,ARAMCO SERVICES COMPANY,Collaboration,SPBOARD-CBLMGMT,ECDN,20224,TELEPRESENCE CUSTOMERS,1.000000,0.0,0.0,0.0,0.0,0.0
203721067,ARAMCO SERVICES COMPANY,Security,ESA-AMP-LIC=,ESAMP,20231,,70000.000000,685299.9999999999,93566.66666666664,0.0,9.79,397600.0
203721067,ARAMCO SERVICES COMPANY,Enterprise Networking,SC9300UK9-173,SNT,20272,Smartnet Total Care,6.000000,0.0,0.0,0.0,0.0,0.0
203721067,ARAMCO SERVICES COMPANY,Wireless,AIR-CAP2702I-B-K9,SPC4P,20232,SP Base,1.000000,0.0,4.518784512,0.0,0.0,0.0
203721067,ARAMCO SERVICES COMPANY,Enterprise Networking,GLC-LH-SMD=,SPC4P,20232,SP Base,15.566400,0.0,26.825036654592004,898.336944,0.0,0.0
203721067,ARAMCO SERVICES COMPANY,Enterprise Networking,DN2-MR-X32G2RT-H,SSSNT,20242,Solution Support,8.000000,0.0,0.0,0.0,0.0,0.0
203721067,ARAMCO SERVICES COMPANY,Wireless,AIR-AP-T-RAIL-R,SPC4P,20232,SP Base,4.000000,0.0,0.0,0.0,0.0,0.0
203721067,ARAMCO SERVICES COMPANY,Enterprise Networking,DN2-SD-64G-S,SSSNT,20242,Solution Support,1.000000,0.0,0.0,0.0,0.0,0.0
203721067,ARAMCO SERVICES COMPANY,Wireless,AIR-CAP2702I-A-K9,SPC4P,20232,SP Base,1.000000,88.0,49.76,0.0,88.0,49.76
203721067,ARAMCO SERVICES COMPANY,Enterprise Networking,C3850-24XS-L-S,SNT,20252,Smartnet Total Care,2.000000,0.0,0.0,0.0,0.0,0.0
203721067,ARAMCO SERVICES COMPANY,Data Center Switching,GLC-GE-100FX=,SPC4P,20232,SP Base,0.395750,0.0,0.0,0.0,0.0,0.0
203721067,ARAMCO SERVICES COMPANY,Enterprise Routing,ISR4351/K9-RF,SNTP,20232,Smartnet Total Care,1.000000,1834.79,1247.66,4800.0,1834.79,1247.66
203721067,ARAMCO SERVICES COMPANY,IOT Software,IOT-OTHER,SPC4P,20232,SP Base,1.000000,0.0,0.0,0.0,0.0,0.0
203721067,ARAMCO SERVICES COMPANY,Data Center Switching,GLC-LH-SMD,SPC4P,20232,SP Base,0.031660,0.0,0.0545585787648,0.0,0.0,0.0
203721067,ARAMCO SERVICES COMPANY,Enterprise Networking,WS-C3850-24XS-S,SNT,20252,Smartnet Total Care,2.000000,11303.82,2698.22,33523.37999999998,11303.82,8094.66
203721067,ARAMCO SERVICES COMPANY,Security,SW-36X5-ISE-K9,SNT,20241,Smartnet Total Care,1.000000,0.0,0.0,0.0,0.0,0.0
203721067,ARAMCO SERVICES COMPANY,Data Center Switching,SFP-GE-T,SPC4P,20224,SP Base,0.063320,0.0,0.0,0.0,0.0,0.0
203721067,ARAMCO SERVICES COMPANY,Enterprise Networking,PWR-C1-350WAC-P,SNT,20272,Smartnet Total Care,6.000000,0.0,0.0,0.0,0.0,0.0
203721067,ARAMCO SERVICES COMPANY,SP Routing,GLC-SX-MMD,SPC4P,20232,SP Base,0.760740,0.0,0.6015887711877121,0.0,0.0,0.0
203721067,ARAMCO SERVICES COMPANY,Wireless,AIR-CHNL-ADAPTER,SPC4P,20232,SP Base,3.000000,0.0,0.0,57.0,0.0,0.0
203721067,ARAMCO SERVICES COMPANY,SP Routing,GLC-FE-100FX-RGD,SPC4P,20232,SP Base,0.126790,0.0,0.0,0.0,0.0,0.0
203721067,ARAMCO SERVICES COMPANY,Wireless,AIR-BZL-C220M4,SPC4P,20232,SP Base,2.000000,0.0,0.0,0.0,0.0,0.0
203721067,ARAMCO SERVICES COMPANY,SP Routing,GLC-TE,SSSNT,20231,Solution Support,0.253580,0.0,0.0,0.0,0.0,0.0
203721067,ARAMCO SERVICES COMPANY,Security,ASA-IC-B-BLANK,SSSNT,20233,Solution Support,2.000000,0.0,0.0,0.0,0.0,0.0
203721067,ARAMCO SERVICES COMPANY,Data Center Switching,CAB-9K12A-NA,SSSNT,20242,Solution Support,2.000000,0.0,0.0,0.0,0.0,0.0
203721067,ARAMCO SERVICES COMPANY,Enterprise Networking,PWR-C3-BLANK,SNT,20252,Smartnet Total Care,2.000000,0.0,0.0,0.0,0.0,0.0
203721067,ARAMCO SERVICES COMPANY,Data Center Switching,GLC-LH-SMD-RF,SPC4P,20232,SP Base,0.158300,0.0,0.27279289382399996,115.761624,0.0,0.0
203721067,ARAMCO SERVICES COMPANY,Enterprise Routing,MEM-2900-512U1.5GB,SNTP,20224,Smartnet Total Care,1.000000,0.0,0.0,450.0,0.0,0.0
203721067,ARAMCO SERVICES COMPANY,Wireless,PI-LFAS-T,SSTC,20264,,1.000000,0.0,0.0,0.0,0.0,0.0
203721067,ARAMCO SERVICES COMPANY,Enterprise Routing,HWIC-BLANK,SNTP,20224,Smartnet Total Care,1.000000,0.0,0.0,0.0,0.0,0.0
203721067,ARAMCO SERVICES COMPANY,Data Center Switching,NXOS-10.1.1,SNT,20253,Smartnet Total Care,2.000000,0.0,0.0,0.0,0.0,0.0
203721067,ARAMCO SERVICES COMPANY,Enterprise Networking,WS-C3850-48PW-S,SPCS,20232,SP Base,1.000000,1088.0,615.23,14790.0,1088.0,615.23
203721067,ARAMCO SERVICES COMPANY,Enterprise Networking,C3850-DNA-OPTOUT,SNT,20252,Smartnet Total Care,2.000000,0.0,0.0,0.0,0.0,0.0
203721067,ARAMCO SERVICES COMPANY,Wireless,AIR-AP3802I-B-K9,SPC4P,20232,SP Base,76.000000,9576.0,5435.7855208558085,98978.2,9576.0,5415.120000000001
203721067,ARAMCO SERVICES COMPANY,Enterprise Networking,S3850UK9-169,SNT,20252,Smartnet Total Care,1.000000,0.0,0.0,0.0,0.0,0.0
203721067,ARAMCO SERVICES COMPANY,Enterprise Networking,DN2-PSU1-770W,SSSNT,20242,Solution Support,2.000000,0.0,0.0,0.0,0.0,0.0
203721067,ARAMCO SERVICES COMPANY,Enterprise Networking,C3850-NM-2-10G,SPC4P,20232,SP Base,11.000000,0.0,0.0,0.0,0.0,0.0
203721067,ARAMCO SERVICES COMPANY,Enterprise Networking,DN2-CPU-I6238,SSSNT,20242,Solution Support,2.000000,0.0,0.0,0.0,0.0,0.0
203721067,ARAMCO SERVICES COMPANY,Enterprise Networking,C3KX-NM-1G,SPC4P,20232,SP Base,2.000000,0.0,0.0,0.0,0.0,0.0
203721067,ARAMCO SERVICES COMPANY,Enterprise Routing,SM-D-BLANK,SNTP,20224,Smartnet Total Care,1.000000,0.0,0.0,0.0,0.0,0.0
203721067,ARAMCO SERVICES COMPANY,Enterprise Networking,C9500-DNA-16X-A,SSTC,20243,,2.000000,14249.7,998.3917733089579,0.0,14249.7,2992.44
203721067,ARAMCO SERVICES COMPANY,Enterprise Networking,SFP-H10GB-CU5M,SPC4P,20232,SP Base,0.970000,0.0,0.22287564287999997,0.0,0.0,0.0
203721067,ARAMCO SERVICES COMPANY,Enterprise Networking,PWR-C5-BLANK,SNT,20242,Smartnet Total Care,8.000000,0.0,0.0,0.0,0.0,0.0
203721067,ARAMCO SERVICES COMPANY,Enterprise Networking,PWR-C4-950WAC-R/2,SNT,20242,Smartnet Total Care,2.000000,0.0,0.0,4214.7,0.0,0.0
203721067,ARAMCO SERVICES COMPANY,Enterprise Networking,C9300-DNA-E-24S,SSTC,20273,,1.000000,1022.09,94.03200000000001,0.0,1022.09,470.16
203721067,ARAMCO SERVICES COMPANY,Data Center Switching,C1-SUBS-OPTOUT,SNT,20253,Smartnet Total Care,2.000000,0.0,0.0,0.0,0.0,0.0
203721067,ARAMCO SERVICES COMPANY,SP Routing,SFP-10G-LR,SPC4P,20232,SP Base,1.057590,0.0,7.128031787458561,0.0,0.0,0.0
203721067,ARAMCO SERVICES COMPANY,SP Routing,GLC-T,SPC4P,20224,SP Base,0.380370,0.0,0.0,0.0,0.0,0.0
203721067,ARAMCO SERVICES COMPANY,Security,FPR4K-SSD-BBLKD,SSSNT,20231,Solution Support,2.000000,0.0,0.0,0.0,0.0,0.0
203721067,ARAMCO SERVICES COMPANY,Enterprise Networking,CAB-US515-C15-US,SNT,20252,Smartnet Total Care,7.000000,0.0,0.0,0.0,0.0,0.0
203721067,ARAMCO SERVICES COMPANY,IOT Software,SFP-10G-LR,SPC4P,20232,SP Base,0.004680,0.0,0.031542647685119996,0.0,0.0,0.0
203721067,ARAMCO SERVICES COMPANY,Security,R-ISE-VMS-K9=,ECMU,20252,,1.000000,1387.0,993.23,6420.0,4161.0,2979.69
203721067,ARAMCO SERVICES COMPANY,Enterprise Networking,PWR-C1-715WAC,SNT,20252,Smartnet Total Care,2.000000,0.0,0.0,0.0,0.0,0.0
203721067,ARAMCO SERVICES COMPANY,Security,FMC-M5-MSTOR-SD,SSSNT,20231,Solution Support,1.000000,0.0,0.0,0.0,0.0,0.0
203721067,ARAMCO SERVICES COMPANY,IOT Software,GLC-LH-SMD=,SNT,20224,Smartnet Total Care,0.474360,0.0,0.0,273.75315600000005,0.0,0.0
203721067,ARAMCO SERVICES COMPANY,Wireless,SW3802-CAPWAP-K9,SPC4P,20232,SP Base,4.000000,0.0,0.0,0.0,0.0,0.0
203721067,ARAMCO SERVICES COMPANY,Data Center Switching,N9K-C93180YC-FX3,SNT,20253,Smartnet Total Care,2.000000,2162.0,1536.2166666666665,55275.0,6486.0,4644.62
203721067,ARAMCO SERVICES COMPANY,Collaboration,FL-CUBEE-5,SNTP,20224,Smartnet Total Care,1.000000,0.0,0.0,0.0,0.0,0.0
203721067,ARAMCO SERVICES COMPANY,Enterprise Networking,C9500-NW-A,SNT,20242,Smartnet Total Care,2.000000,0.0,0.0,0.0,0.0,0.0
203721067,ARAMCO SERVICES COMPANY,Enterprise Routing,MEM-43-4G,SNTP,20232,Smartnet Total Care,1.000000,0.0,0.0,0.0,0.0,0.0
203721067,ARAMCO SERVICES COMPANY,Data Center Switching,CAB-9K12A-NA,SNT,20241,Smartnet Total Care,2.000000,0.0,0.0,0.0,0.0,0.0
203721067,ARAMCO SERVICES COMPANY,Security,L-FPR4140T-T=,FTDHI,20231,,2.000000,95184.66,53323.30159162667,0.0,47592.33,55207.1
203721067,ARAMCO SERVICES COMPANY,Enterprise Routing,MEM-4400-DP-2G,SPC4P,20232,SP Base,1.000000,0.0,0.0,0.0,0.0,0.0
203721067,ARAMCO SERVICES COMPANY,Data Center,DISTI-STOCKING,SPC4P,20232,SP Base,1.000000,0.0,0.0,0.0,0.0,0.0
203721067,ARAMCO SERVICES COMPANY,Enterprise Networking,SFP-10G-LR-S,SNT,20242,Smartnet Total Care,15.520000,0.0,0.0,31148.64000000001,0.0,0.0
203721067,ARAMCO SERVICES COMPANY,IOT Software,SFP-H10GB-CU5M,SPC4P,20232,SP Base,0.001040,0.0,0.00023895945215999997,0.0,0.0,0.0
203721067,ARAMCO SERVICES COMPANY,Enterprise Networking,FAN-T3-R,SNT,20252,Smartnet Total Care,14.000000,0.0,0.0,0.0,0.0,0.0
203721067,ARAMCO SERVICES COMPANY,Enterprise Networking,GLC-T,SPC4P,20224,SP Base,2.334960,0.0,0.0,0.0,0.0,0.0
203721067,ARAMCO SERVICES COMPANY,Data Center Switching,NXA-FAN-35CFM-PI,SNT,20253,Smartnet Total Care,8.000000,0.0,0.0,0.0,0.0,0.0
203721067,ARAMCO SERVICES COMPANY,SP Routing,GLC-LH-SMD-RF,SPC4P,20232,SP Base,1.267900,0.0,2.184928048512,927.189912,0.0,0.0
203721067,ARAMCO SERVICES COMPANY,Enterprise Networking,WS-C3850-48XS-S,SNT,20252,Smartnet Total Care,4.000000,26426.76,6308.066666666667,135101.96,26426.76,18924.2
203721067,ARAMCO SERVICES COMPANY,Enterprise Networking,X2-10GB-LR,SPC4P,20232,SP Base,0.747200,0.0,0.0,0.0,0.0,0.0
203721067,ARAMCO SERVICES COMPANY,Security,SNS-PSU1-770W,SNT,20241,Smartnet Total Care,2.000000,0.0,0.0,0.0,0.0,0.0
203721067,ARAMCO SERVICES COMPANY,Enterprise Networking,C9200-STACK-BLANK,SNT,20242,Smartnet Total Care,16.000000,0.0,0.0,0.0,0.0,0.0
203721067,ARAMCO SERVICES COMPANY,Security,FMC-M5-MRAID-12G,SSSNT,20231,Solution Support,1.000000,0.0,0.0,0.0,0.0,0.0
203721067,ARAMCO SERVICES COMPANY,Data Center Switching,GLC-TE,SSSNT,20231,Solution Support,0.031660,0.0,0.0,0.0,0.0,0.0
203721067,ARAMCO SERVICES COMPANY,Enterprise Routing,MEM-44-4G,SPC4P,20232,SP Base,1.000000,0.0,0.0,0.0,0.0,0.0
203721067,ARAMCO SERVICES COMPANY,Enterprise Networking,NETWORK-PNP-LIC,SNT,20242,Smartnet Total Care,10.000000,0.0,0.0,0.0,0.0,0.0
